,Website,Treatment,FP,FCP,LT,Joules,Trial,Joules_kalman,FCP_kalman,LT_kalman
0,99_creativecommons,stripped,0.0,424.0,790.0,7.252452000000001,0,6.65644583727561,420.6787518300754,628.6272532709514
1,99_creativecommons,stripped,0.0,1423.0,1715.0,8.039052,1,7.251105617271699,666.4089933989691,906.7421793816696
2,99_creativecommons,stripped,0.0,580.0,786.0,7.016471999999999,2,7.130903632419757,635.0394762081502,861.4594481293533
3,99_creativecommons,stripped,0.0,342.0,790.0,6.939399600000001,3,7.029197182161861,515.6201050410871,831.5672904185735
4,99_creativecommons,stripped,0.0,610.0,983.0,7.2698472,4,7.157990817056026,555.5177177670486,897.0758448825452
5,99_creativecommons,stripped,0.0,1202.0,1500.0,7.268184,5,7.217062577117938,832.057048638223,1160.6460329863326
6,99_creativecommons,stripped,0.0,2053.0,2348.0,9.3112128,6,8.34007919393249,1356.3313597594115,1681.4128873228974
7,99_creativecommons,stripped,0.0,484.0,767.0,6.767856,7,7.496888768252937,981.2856205198349,1279.9414246375227
8,99_creativecommons,stripped,0.0,442.0,768.0,7.5216167999999985,8,7.510150814878393,749.3343629382753,1055.101290439998
9,99_creativecommons,stripped,0.0,781.0,1116.0,8.577864000000002,9,8.08278151513193,762.9558016761624,1081.850198322205
10,98_amazon,stripped,0.0,357.0,1023.0,8.951507999999999,0,6.432636595575112,297.5957812208643,703.6333403109913
11,98_amazon,stripped,0.0,322.0,1216.0,8.400888,1,7.099666821466714,302.05297785496094,795.2115024001087
12,98_amazon,stripped,0.0,981.0,1040.0,9.0088164,2,7.9637600980255066,498.1389787649531,864.6965497284247
13,98_amazon,stripped,0.0,375.0,998.0,8.57394,3,8.259503599199519,456.42709039828793,909.2193398768106
14,98_amazon,stripped,0.0,6020.0,6195.0,17.794944,4,12.961063359180727,2458.606511521366,2788.401987972922
15,98_amazon,stripped,0.0,632.0,1038.0,8.3746224,5,10.689830907095198,1785.652620133051,2150.6725240176697
16,98_amazon,stripped,0.0,176.0,1135.0,9.7088652,6,10.203515509956192,1187.1714463607232,1777.0311575219937
17,98_amazon,stripped,0.0,361.0,1024.0,9.205326,7,9.708522950078365,878.8916502229181,1498.9456012314408
18,98_amazon,stripped,0.0,572.0,3450.0,10.807884,8,10.253724411461745,764.2164340460032,2220.5423007967784
19,98_amazon,stripped,0.0,2335.0,2486.0,19.503216,9,14.840867383121068,1351.4889534353915,2318.780878211669
20,97_yandex,stripped,0.0,352.0,820.0,7.047935999999999,0,4.506962732583337,199.47429093521018,523.8876273518695
21,97_yandex,stripped,0.0,277.0,846.0,7.032204000000001,1,5.949368277756287,237.06647888747452,667.1767768431171
22,97_yandex,stripped,0.0,274.0,824.0,6.969276000000001,2,6.6171699369722905,258.777645261005,754.180746168706
23,97_yandex,stripped,0.0,231.0,850.0,6.7977792,3,6.737175327747886,241.98272093135466,809.3310597697307
24,97_yandex,stripped,0.0,209.0,806.0,6.827687999999999,4,6.79741478361962,221.95477689550177,807.4014566074296
25,97_yandex,stripped,0.0,545.0,4266.0,9.454932,5,8.566407368369443,418.24572463974323,2813.1524821928188
26,97_yandex,stripped,0.0,239.0,903.0,8.3241324,6,8.405131987508566,309.32013362240923,1705.1735145494501
27,97_yandex,stripped,0.0,279.0,820.0,8.369424,7,8.381362120981166,290.8946443928065,1191.7128693193958
28,97_yandex,stripped,0.0,248.0,1143.0,10.383120000000002,8,9.713874674902353,264.82758538928266,1163.455927600032
29,97_yandex,stripped,0.0,6269.0,19398.0,49.87044,9,36.444950676371334,3913.562219672193,11740.804783223773
30,96_weebly,stripped,0.0,246.0,1718.0,9.59652,0,6.52403263655484,190.97148634687844,1006.1012106788245
31,96_weebly,stripped,0.0,482.0,1526.0,8.7017868,1,6.998027727300855,258.55532643411107,1088.8771620471518
32,96_weebly,stripped,0.0,289.0,1248.0,8.558208,2,7.503316830011399,269.1620185579635,1130.007182950349
33,96_weebly,stripped,0.0,265.0,1282.0,8.73126,3,7.956634612655904,267.5211609248427,1177.0213396824095
34,96_weebly,stripped,0.0,311.0,1256.0,8.699796000000001,4,8.244011646935355,285.3742784577906,1203.3013074513283
35,96_weebly,stripped,0.0,622.0,5545.0,22.973976,5,14.036099900433616,425.4942672031501,2692.584344929702
36,96_weebly,stripped,0.0,220.0,1260.0,8.636868000000002,6,11.900108897936365,339.5644478413045,2194.8731158417877
37,96_weebly,stripped,0.0,214.0,1253.0,8.9850276,7,10.744329623280647,286.97698395857117,1865.884561748592
38,96_weebly,stripped,0.0,283.0,3528.0,9.98982,8,10.444939800975897,285.31052038364703,2447.762212996665
39,96_weebly,stripped,0.0,361.0,2781.0,9.98982,9,10.264295356983967,317.03203408662796,2564.5342055618794
40,95_github,stripped,0.0,240.0,517.0,8.511012000000001,0,7.4366321630625825,158.64926304866904,315.6723429662788
41,95_github,stripped,0.0,237.0,451.0,8.6526,1,8.063449704783274,177.77282370671676,354.67174040757106
42,95_github,stripped,0.0,433.0,593.0,9.061632,2,8.657253810427973,270.1157672351107,452.2304526455731
43,95_github,stripped,0.0,233.0,569.0,9.189590399999998,3,8.980653498212602,255.0316816773561,504.63577243821067
44,95_github,stripped,0.0,246.0,483.0,8.621136,4,8.761547214923688,251.2228778989121,494.67200759043686
45,95_github,stripped,0.0,222.0,490.0,8.4192696,5,8.552846886069968,238.75082655711103,492.50459265784224
46,95_github,stripped,0.0,222.0,873.0,10.61667,6,9.811334597337463,231.57388078483785,669.3924453817642
47,95_github,stripped,0.0,505.0,920.0,12.8559852,7,11.667937285431773,348.87254337161585,785.9667562517775
48,95_github,stripped,0.0,260.0,1481.0,10.14714,8,10.740565988689834,310.73087614615656,1109.328500397891
49,95_github,stripped,0.0,316.0,506.0,8.872848,9,9.601644702141463,312.99254374099877,828.6183195019635
50,92_archive,stripped,0.0,563.0,818.0,5.9711184,0,5.39067964130981,327.02662213259487,453.2687148095745
51,92_archive,stripped,0.0,246.0,512.0,5.4864864,1,5.434671173290325,313.10166179363705,464.09212546602697
52,92_archive,stripped,0.0,355.0,483.0,5.554666800000001,2,5.499455440284784,324.62516795945544,469.5921030697787
53,92_archive,stripped,0.0,380.0,1354.0,7.2541116,3,6.4756832703306815,342.6490563522692,770.92528406835
54,92_archive,stripped,0.0,5613.0,867.0,7.252452000000001,4,6.9103500733769625,2175.087393766549,805.6744658666125
55,92_archive,stripped,0.0,410.0,506.0,5.710716,5,6.238306648953756,1544.9524113046427,694.758651505635
56,92_archive,stripped,0.0,790.0,1142.0,6.088284,6,6.154244844890727,1272.5458654342885,861.7803298586687
57,92_archive,stripped,0.0,444.0,551.0,7.8405696,7,7.0991781897582396,972.2926787896565,745.3147000814338
58,92_archive,stripped,0.0,684.0,496.0,5.5231956,8,6.216068086620627,867.6369170984804,651.7565003450678
59,92_archive,stripped,0.0,415.0,518.0,5.679252,9,5.915259967207766,703.204765132676,601.5362652124246
60,91_bbc,stripped,0.0,250.0,1899.0,8.243568000000002,0,6.945960522855942,177.08289219604188,1005.9127016412033
61,91_bbc,stripped,0.0,393.0,1165.0,7.962213600000001,1,7.358928295428955,217.61615759733638,1031.7712521406656
62,91_bbc,stripped,0.0,0.0,1075.0,7.790903999999999,2,7.575258452333662,153.37649192738155,1043.135289565279
63,91_bbc,stripped,0.0,636.0,1297.0,7.8205932,3,7.703633749702324,319.79668138200157,1122.7587233182608
64,91_bbc,stripped,0.0,412.0,1086.0,7.710443999999999,4,7.707231720258591,353.49292262659645,1110.3800803015986
65,91_bbc,stripped,0.0,1960.0,3355.0,11.32704,5,9.623705119936098,953.7736163478519,1888.7376539963484
66,91_bbc,stripped,0.0,204.0,1466.0,8.339868000000001,6,8.943670694942329,671.2167277678045,1740.352354632886
67,91_bbc,stripped,0.0,1673.0,3467.0,10.839348,7,9.947893815715705,1049.9875404965626,2349.501880720448
68,91_bbc,stripped,0.0,919.0,1584.0,12.003516,8,11.036871882170995,1000.3988151735483,2078.867028572213
69,91_bbc,stripped,0.0,1093.0,2209.0,9.454932,9,10.198825776167213,1035.4725271413931,2124.9146698961854
70,89_stackoverflow,stripped,0.0,24566.0,24703.0,28.455372,0,12.438977023985862,9472.762266411279,9605.465683284057
71,89_stackoverflow,stripped,0.0,430.0,702.0,6.2928,1,11.968255182090555,8038.822930761073,8240.792042060646
72,89_stackoverflow,stripped,0.0,237.0,711.0,6.591708,2,11.261093391554194,6028.867671567568,6354.275420259324
73,89_stackoverflow,stripped,0.0,412.0,863.0,6.7033656,3,10.481367399462457,4296.192380385336,4698.866750382649
74,89_stackoverflow,stripped,0.0,345.0,662.0,6.136884,4,9.62380605736677,2984.522418026142,3385.046434218203
75,89_stackoverflow,stripped,0.0,239.0,672.0,6.418656,5,8.93793372866162,2044.75917102524,2472.9228612008446
76,89_stackoverflow,stripped,0.0,473.0,1161.0,7.832743200000001,6,8.690244875544847,1499.7923630129853,2025.6890612951788
77,89_stackoverflow,stripped,0.0,403.0,654.0,6.4673316,7,8.178616945785606,1117.4382120700366,1555.288749195931
78,89_stackoverflow,stripped,0.0,1520.0,714.0,6.541516799999999,8,7.795980752999015,1258.0977227317246,1266.0429371988498
79,88_aliexpress,stripped,0.0,250.0,517.0,6.261336,0,4.570622909842987,179.2263631060949,343.5726339629208
80,88_aliexpress,stripped,0.0,332.0,511.0,6.4830672,1,4.948236956144853,204.14252109707303,368.7923533285717
81,88_aliexpress,stripped,0.0,263.0,640.0,6.388653600000001,2,5.383584842611974,219.65763163949273,435.7735379599494
82,88_aliexpress,stripped,0.0,552.0,1135.0,16.83324,3,9.38843421813954,324.13086962430657,644.0798282647862
83,88_aliexpress,stripped,0.0,311.0,530.0,6.513048,4,8.326622322104036,319.70038464836836,607.3289471698387
84,88_aliexpress,stripped,0.0,697.0,946.0,8.5617648,5,8.415256502294163,450.76656324716885,720.1432310085438
85,88_aliexpress,stripped,0.0,299.0,531.0,7.2226404,6,7.962183313968008,397.4056896035306,656.2228532176413
86,88_aliexpress,stripped,0.0,7828.0,8070.0,23.766192,7,13.984061477977649,3023.13395175034,3177.3581252174463
87,88_aliexpress,stripped,0.0,1001.0,562.0,6.513048,8,11.13409498691518,2307.0842638487643,2285.5727980131096
88,88_aliexpress,stripped,0.0,903.0,532.0,5.8995,9,9.136383738830325,1809.4571249309624,1686.9394518198621
89,87_ebay,stripped,0.0,461.0,1220.0,8.605404000000002,0,6.950515757184076,304.03562482256046,804.0334940820356
90,87_ebay,stripped,0.0,458.0,1261.0,8.699796000000001,1,7.5819048651112375,357.5192146003399,992.190127994467
91,87_ebay,stripped,0.0,799.0,1997.0,20.29428,2,13.60888967863605,564.1240291351107,1521.1721955797643
92,87_ebay,stripped,0.0,453.0,1219.0,8.961976799999999,3,11.268506415749505,508.5553833224485,1354.7218749631063
93,87_ebay,stripped,0.0,473.0,1234.0,8.80992,4,10.012623857600813,490.4949990867146,1287.6350136445662
94,87_ebay,stripped,0.0,691.0,1412.0,9.612252,5,9.807423266771359,592.7232576678326,1356.8656544976761
95,87_ebay,stripped,0.0,461.0,1222.0,9.36054,6,9.578203003463816,525.5034697980287,1281.7641687787645
96,87_ebay,stripped,0.0,535.0,1289.0,9.1581192,7,9.362688364361558,530.3506907596062,1285.793791985388
97,87_ebay,stripped,0.0,476.0,1231.0,10.367388,8,9.878149968351794,502.607573084038,1255.2788161210028
98,83_bongacams,stripped,0.0,849.0,1944.0,13.7655,0,9.904102071524385,523.5950417287733,1257.7102570627644
99,83_bongacams,stripped,0.0,737.0,1858.0,12.451032,1,11.187468977036147,606.7033011406261,1426.2998328224876
100,83_bongacams,stripped,0.0,1132.0,2286.0,15.590412,2,13.819103029406781,872.884519969561,1771.631953722565
101,83_bongacams,stripped,0.0,707.0,1815.0,12.4338384,3,12.970864721741556,784.3514897785849,1790.8019665018776
102,83_bongacams,stripped,0.0,922.0,4516.0,17.930376,4,16.01856411356532,858.612265443548,3028.897370802846
103,83_bongacams,stripped,0.0,1322.0,12091.0,23.918112,5,20.87552747849152,1109.1756840273436,7178.861442561697
104,83_bongacams,stripped,0.0,1122.0,1981.0,17.14788,6,18.583438973145054,1116.1133717533107,4792.97769430014
105,83_bongacams,stripped,0.0,1001.0,1981.0,13.758624,7,15.616679667455434,1053.8331721772147,3501.3682716530393
106,83_bongacams,stripped,0.0,829.0,1955.0,12.541273200000004,8,13.725621271815774,932.1882990797994,2790.9430417980348
107,83_bongacams,stripped,0.0,762.0,1859.0,12.268152,9,12.829427642242278,840.1083527359596,2362.769352700438
108,82_imdb,stripped,0.0,245.0,3099.0,11.927584799999998,0,9.766089020078416,522.2990328069474,2270.6603426185466
109,82_imdb,stripped,0.0,2265.0,4994.0,15.448824,1,12.566501935517117,1025.9613395035738,3246.8710336524928
110,82_imdb,stripped,0.0,636.0,3124.0,12.0219984,2,12.246936421193912,865.9969865399836,3188.0883945399864
111,82_imdb,stripped,0.0,2387.0,6526.0,19.826856,3,16.8127114937937,1549.7657677771679,4887.487996268438
112,82_imdb,stripped,0.0,949.0,3579.0,15.885683999999998,4,16.25206317665781,1272.6805931769177,4211.770408341898
113,82_imdb,stripped,0.0,1044.0,3124.0,11.6600796,5,13.473179602882311,1166.4387761636679,3648.185767153934
114,82_imdb,stripped,0.0,429.0,3562.0,14.143068,6,13.87860889527735,823.1246855775034,3603.4980917518956
115,82_imdb,stripped,0.0,389.0,3125.0,12.4783308,7,13.031121151328717,620.8988719135666,3355.351137687332
116,82_imdb,stripped,0.0,623.0,3128.0,12.0849408,8,12.458464937887866,621.8777932087363,3237.443048111197
117,82_imdb,stripped,0.0,2650.0,3125.0,12.019248,9,12.192637788272405,1566.8308377499602,3179.1276573854543
118,79_spotify,stripped,0.0,733.0,734.0,8.636868000000002,0,7.7410861801242214,478.8969197584807,505.0703125487464
119,79_spotify,stripped,0.0,646.0,756.0,10.8418284,1,9.5226577664549,584.0191618529717,574.0379399987964
120,79_spotify,stripped,0.0,863.0,975.0,9.644508,2,9.60154073077114,779.099156847316,732.5612509850121
121,79_spotify,stripped,0.0,1991.0,2006.0,13.208832,3,11.968650751876718,1634.0650432517673,1288.3184279474365
122,79_spotify,stripped,0.0,1295.0,1304.0,10.653001200000002,4,11.103950704872545,1394.6806116451887,1295.362126080027
123,79_spotify,stripped,0.0,916.0,931.0,12.3754176,5,11.93976721824213,1056.7034690577746,1130.3019449341778
124,79_spotify,stripped,0.0,320.0,2891.0,7.7419152,6,9.18019064456961,536.5437960777858,1929.937309347587
125,79_spotify,stripped,0.0,630.0,634.0,8.3001672,7,8.601680819467163,602.5298738067847,1340.9343070747586
126,79_spotify,stripped,0.0,481.0,490.0,9.110912399999998,8,8.936439489254838,516.7219798037713,954.0985488253
127,79_spotify,stripped,0.0,550.0,678.0,9.266148,9,9.15318306507183,540.2183988377341,828.5754738269453
128,77_sourceforge,stripped,0.0,24566.0,845.0,6.5300256,0,6.074542478954718,9658.727098273304,663.9523907413189
129,77_sourceforge,stripped,0.0,393.0,670.0,6.623171999999999,1,6.359574306176664,8321.635786338873,665.0728834942244
130,77_sourceforge,stripped,0.0,3543.0,3935.0,8.290764000000001,2,7.503576136982421,7182.629053072965,1620.3215535565312
131,77_sourceforge,stripped,0.0,345.0,580.0,6.561745199999999,3,6.934581482732172,5204.740369663585,1264.627194771478
132,77_sourceforge,stripped,0.0,855.0,959.0,7.474410000000001,4,7.261701527261547,3838.5532769215215,1153.751204804772
133,77_sourceforge,stripped,0.0,1557.0,735.0,7.041553200000001,5,7.128235461291718,3095.756335170761,998.3332538661689
134,77_sourceforge,stripped,0.0,926.0,1037.0,8.696952000000001,6,8.07934632433311,2378.1121788191986,1012.8115047408374
135,77_sourceforge,stripped,0.0,170.0,626.0,6.7191012,7,7.254622188602241,1642.6741636079546,867.4780024151933
136,77_sourceforge,stripped,0.0,1001.0,736.0,6.451596,8,6.767741908741572,1428.2977476139179,818.0130635099825
137,76_forbes,stripped,0.0,380.0,1050.0,8.2769256,0,5.9406831217764235,244.54223843171604,705.5666403530738
138,76_forbes,stripped,0.0,387.0,1080.0,9.4885668,1,6.93987815965244,276.3815210857301,772.4621119202402
139,76_forbes,stripped,0.0,379.0,1064.0,8.184531600000001,2,7.436079914382948,311.10018287469364,855.1884900922099
140,76_forbes,stripped,0.0,755.0,1895.0,13.419396,3,10.057995374018725,482.02400534778377,1202.3824323981448
141,76_forbes,stripped,0.0,386.0,1057.0,7.850268000000001,4,9.063608708527251,443.4006714471994,1150.7092526618915
142,76_forbes,stripped,0.0,429.0,10209.0,26.27244,5,16.877700761139362,437.5208659542888,4450.204072453161
143,76_forbes,stripped,0.0,507.0,2041.0,12.003516,6,14.659147622628225,466.0364967051795,3564.105690815881
144,76_forbes,stripped,0.0,1139.0,9080.0,25.322724,7,19.516269435623308,742.7293556077541,5600.635389668469
145,76_forbes,stripped,0.0,418.0,1346.0,19.532016,8,19.523443645723745,609.132185496024,4027.384916346593
146,76_forbes,stripped,0.0,591.0,1939.0,11.153988,9,15.710224500280146,601.6708066157781,3254.6898767927955
147,75_medium,stripped,0.0,1438.0,4928.0,9.7714188,0,7.657071595495531,672.7948730313482,2315.4148553651976
148,75_medium,stripped,0.0,412.0,1280.0,7.726179600000001,1,7.675261261680982,655.7196728707027,2245.3482464285153
149,75_medium,stripped,0.0,945.0,3664.0,11.9747916,2,9.214385032942953,690.246691918326,2419.8431281965545
150,75_medium,stripped,0.0,265.0,1092.0,7.2884448,3,8.454028423555247,622.5267040858902,2202.624952596837
151,75_medium,stripped,0.0,419.0,1611.0,8.196372,4,8.348907006376388,584.5622500960477,2089.595659036604
152,75_medium,stripped,0.0,296.0,1102.0,7.301318399999999,5,7.9166941362078544,525.6390427996148,1883.554257087858
153,75_medium,stripped,0.0,389.0,1212.0,8.479548000000001,6,8.14980454508616,496.23067293903506,1736.1559692235808
154,75_medium,stripped,0.0,518.0,1377.0,7.519896,7,7.88858209976834,501.06263552764324,1654.9694990086512
155,75_medium,stripped,0.0,282.0,1112.0,7.0794,8,7.552865068683081,451.5505679092422,1530.10966879643
156,72_office365,stripped,0.0,5832.0,6197.0,21.390624000000003,0,12.141565750264707,2491.7752366450336,2952.7174710080744
157,72_office365,stripped,0.0,1046.0,2410.0,13.907088,1,12.303514567112213,2374.601015840643,2910.7073412573027
158,72_office365,stripped,0.0,1325.0,2791.0,11.500092,2,12.181382650731907,2222.6784333184523,2894.0797138489197
159,72_office365,stripped,0.0,1343.0,2931.0,11.9433204,3,12.135375556882044,2056.482262180415,2900.8068591195015
160,72_office365,stripped,0.0,492.0,757.0,8.3241324,4,11.299821761052142,1717.0063056843044,2450.224927117717
161,72_office365,stripped,0.0,783.0,1755.0,13.796964,5,11.886037892924698,1498.61339828811,2292.234950437764
162,72_office365,stripped,0.0,1207.0,905.0,9.3154752,6,11.259496192819826,1427.5821374103825,1963.0278822861037
163,72_office365,stripped,0.0,2070.0,5808.0,20.766240000000003,7,13.625152796047082,1587.6223604161469,2897.8168968607984
164,72_office365,stripped,0.0,591.0,2989.0,16.837092,8,14.433623446860043,1336.241199089461,2920.287384419977
165,72_office365,stripped,0.0,2112.0,2741.0,10.2258,9,13.367737274812093,1533.2597659252558,2875.768698394009
166,71_w3,stripped,0.0,255.0,357.0,6.277068000000001,0,5.580815998883893,189.41444055041023,311.18428298535594
167,71_w3,stripped,0.0,335.0,345.0,6.215562,1,5.831387485457482,218.28779139496567,317.09924593234456
168,71_w3,stripped,0.0,252.0,353.0,5.9729616,2,5.900544818790515,228.6812556504204,327.1147142861437
169,71_w3,stripped,0.0,1098.0,4610.0,9.790956,3,7.8920114285531655,539.1994269232011,1737.4627508589517
170,71_w3,stripped,0.0,392.0,491.0,6.1505568,4,6.990976326887396,483.7367957100704,1299.7095355498054
171,71_w3,stripped,0.0,473.0,477.0,6.418656,5,6.694122800043543,479.6106237822979,1003.2995817802835
172,71_w3,stripped,0.0,380.0,468.0,7.2855828,6,7.001079160501861,441.0475475091462,808.4596536470075
173,71_w3,stripped,0.0,486.0,568.0,6.3345744,7,6.655130337690659,458.49816210729233,720.5775844996056
174,71_w3,stripped,0.0,1833.0,1834.0,8.479548000000001,8,7.602121956327075,992.62874163632,1128.1743723672287
175,71_w3,stripped,0.0,571.0,659.0,7.441235999999999,9,7.518611104451661,828.721390231185,956.3079421437212
176,68_csdn,stripped,0.0,821.0,1994.0,12.27096,0,8.760601871197926,571.2506648421257,1225.4879373977174
177,68_csdn,stripped,0.0,1094.0,1874.0,13.5011448,1,11.210218262372681,729.2241477509687,1453.44785491141
178,68_csdn,stripped,0.0,1144.0,1855.0,11.6286084,2,11.465876288570596,904.9725290520769,1642.937988879973
179,68_csdn,stripped,0.0,821.0,2328.0,23.598,3,19.04620067192177,866.2246694820769,1987.840249028788
180,68_csdn,stripped,0.0,1381.0,3407.0,29.418840000000003,4,25.54716664254679,1109.2793309714687,2713.2070920092942
181,68_csdn,stripped,0.0,1095.0,1877.0,11.421432,5,16.690188846960147,1102.4948314776016,2284.275722473799
182,68_csdn,stripped,0.0,1184.0,1963.0,12.7301004,6,14.207025939108092,1141.2867548501165,2119.338815385267
183,68_csdn,stripped,0.0,627.0,2063.0,11.468628,7,12.489906446548828,896.3995321812632,2090.4097603827768
184,68_csdn,stripped,0.0,1883.0,2573.0,12.774384,8,12.668288745863702,1366.2484471811604,2338.223604444215
185,67_twitch,stripped,0.0,185.0,1509.0,13.954284,0,10.520233879387597,167.40114688184053,1282.4135795990355
186,67_twitch,stripped,0.0,342.0,2001.0,16.046639999999996,1,12.932616896701301,202.13620111175283,1494.4555303334882
187,67_twitch,stripped,0.0,229.0,5237.0,20.60892,2,17.10347953345228,210.43853572671094,3053.0859651574838
188,67_twitch,stripped,0.0,1466.0,4425.0,16.83324,3,16.95090716005147,659.809054244894,3677.3903998746273
189,67_twitch,stripped,0.0,177.0,1463.0,14.504904000000002,4,15.56017551779414,477.58137003101484,2644.849330867267
190,67_twitch,stripped,0.0,280.0,2421.0,16.207668,5,15.928802518732734,401.53028136521664,2539.7597967431834
191,67_twitch,stripped,0.0,269.0,6010.0,25.485840000000003,6,21.37107584035069,350.14478372230707,4172.017339144954
192,67_twitch,stripped,0.0,332.0,1602.0,15.543216000000005,7,18.052241173895524,343.0904474517484,2962.5437934412203
193,64_apache,stripped,0.0,230.0,484.0,9.5672448,0,6.439469508041805,153.02492680707414,301.8685661572816
194,64_apache,stripped,0.0,298.0,474.0,8.65458,1,7.129987919605599,224.93327789190232,388.58129606254835
195,64_apache,stripped,0.0,212.0,523.0,9.643716,2,8.20626909583973,217.2147375549118,469.63586634412763
196,64_apache,stripped,0.0,209.0,489.0,8.762724,3,8.464384803390798,212.18285735707178,481.6038525873018
197,64_apache,stripped,0.0,294.0,492.0,9.189590399999998,4,8.808078284785523,262.4916083021069,488.05187552600876
198,64_apache,stripped,0.0,647.0,890.0,12.679992000000002,5,10.653808791201874,499.05681276924895,737.4793849297656
199,64_apache,stripped,0.0,492.0,744.0,20.92356,6,15.557154286786478,494.71481083499015,741.5260252024265
200,64_apache,stripped,0.0,293.0,568.0,9.0794412,7,12.462996523736017,370.5997204323305,633.8360649228149
201,64_apache,stripped,0.0,1159.0,1336.0,11.673144,8,12.085669535974418,855.7031744699048,1069.5984845468477
202,64_apache,stripped,0.0,1004.0,1245.0,25.485840000000003,9,18.487384867049446,946.9503793240647,1178.4525592103714
203,60_europa,stripped,0.0,257.0,348.0,5.7416832,0,5.302449551400366,206.35601215727462,256.93065954582244
204,60_europa,stripped,0.0,283.0,353.0,5.554666800000001,1,5.427609489349259,224.46736907210118,278.46650368624773
205,60_europa,stripped,0.0,298.0,355.0,5.616324,2,5.535677535518831,250.42843561368855,304.4197425887448
206,60_europa,stripped,0.0,2059.0,2118.0,8.290764000000001,3,7.150620503291266,971.1221083125339,1004.0412948614132
207,60_europa,stripped,0.0,546.0,640.0,6.513048,4,6.775428736669674,794.9137413506752,857.3759234720442
208,60_europa,stripped,0.0,319.0,329.0,5.694984,5,6.139199381115195,595.066400365752,641.3118797948244
209,60_europa,stripped,0.0,535.0,713.0,6.402924,6,6.294513321765437,569.7336126759186,670.7773997275648
210,60_europa,stripped,0.0,614.0,929.0,6.2928,7,6.293504255791216,588.4297560224826,777.1011375367614
211,60_europa,stripped,0.0,410.0,409.0,5.333148,8,5.727914388133625,513.0327627142601,625.4419099273
212,60_europa,stripped,0.0,449.0,663.0,6.6485448,9,6.270108501251698,485.9708445743873,640.9192736584675
213,59_soundcloud,stripped,0.0,250.0,1388.0,8.746992,0,6.91163907770118,335.6800566671941,1125.1950484383285
214,59_soundcloud,stripped,0.0,396.0,1755.0,9.4728312,1,7.831448140793519,346.03148825169274,1234.5117923708847
215,59_soundcloud,stripped,0.0,356.0,1475.0,8.825652,2,8.298426919159759,348.76998501940886,1301.1865665021169
216,59_soundcloud,stripped,0.0,7372.0,10994.0,17.46252,3,12.871974771586853,2632.574543518671,4476.8365155903775
217,59_soundcloud,stripped,0.0,375.0,1562.0,8.951507999999999,4,10.886901759519972,1848.2878915112908,3457.635539221583
218,59_soundcloud,stripped,0.0,284.0,1393.0,8.6526,5,9.751654096318473,1290.256782667867,2716.749900834469
219,59_soundcloud,stripped,0.0,659.0,2126.0,12.459744,6,11.128788429495625,1062.6450695991493,2502.5441167774525
220,59_soundcloud,stripped,0.0,1782.0,5872.0,12.903192,7,12.03130126101065,1323.148169417142,3729.4348834621924
221,59_soundcloud,stripped,0.0,309.0,1520.0,11.358504,8,11.689080509887987,955.2451328755728,2923.574518647031
222,58_gravatar,stripped,0.0,391.0,565.0,6.671894399999999,0,5.931960375338524,905.5903962514913,1017.7735199671687
223,58_gravatar,stripped,0.0,4853.0,5075.0,9.8774352,1,7.61404430131614,1628.5969495378772,1931.9819933611852
224,58_gravatar,stripped,0.0,434.0,555.0,5.975423999999999,2,6.751731104227886,1282.8035426015874,1463.1808985559703
225,58_gravatar,stripped,0.0,284.0,564.0,5.946696,3,6.310849931179044,943.8450992883107,1115.196665905929
226,58_gravatar,stripped,0.0,1472.0,1673.0,10.2706452,4,8.496631129142724,1134.2173528739577,1340.552879932802
227,58_gravatar,stripped,0.0,1358.0,884.0,6.811956,5,7.56523706236198,1216.783452490362,1153.3724269605893
228,58_gravatar,stripped,0.0,389.0,558.0,6.185505600000001,6,6.802195218733047,908.5773655641874,908.0428480095641
229,58_gravatar,stripped,0.0,1660.0,1869.0,8.117712000000001,7,7.529769551233547,1189.3478960037248,1304.7037327280982
230,58_gravatar,stripped,0.0,295.0,1112.0,9.598716,8,8.674058271482009,854.7085554239967,1225.1125196228156
231,58_gravatar,stripped,0.0,5531.0,5759.0,13.0290768,9,11.082729276225603,2605.3936892219785,3098.1011627179064
232,57_okezone,stripped,0.0,322.0,747.0,8.322228,0,5.643667359163765,258.9049680173327,467.53810213104794
233,57_okezone,stripped,0.0,551.0,733.0,8.636868000000002,1,6.1879263339787425,332.84670977385974,524.2294498972503
234,57_okezone,stripped,0.0,680.0,861.0,9.816768,2,7.221560737143431,461.9500047880963,634.2343082014232
235,57_okezone,stripped,0.0,567.0,745.0,8.212104,3,7.552310431190741,505.5970481966071,675.6931498131798
236,57_okezone,stripped,0.0,317.0,842.0,8.607373200000001,4,7.926846292549673,424.49782135331077,740.9531728030033
237,57_okezone,stripped,0.0,582.0,753.0,26.121096,5,14.543045389732368,492.9629823165165,745.7601180763706
238,57_okezone,stripped,0.0,351.0,877.0,8.621136,6,12.368951035245646,431.04084050528365,798.4399605987645
239,57_okezone,stripped,0.0,1263.0,2097.0,30.048119999999997,7,18.884078120181616,794.3232333186324,1320.7890865898044
240,57_okezone,stripped,0.0,557.0,735.0,7.70868,8,14.759519640241152,690.6582506341292,1084.975803315238
241,56_dropbox,stripped,0.0,580.0,582.0,10.14714,0,7.599247419982583,378.96373470092726,459.1118855860431
242,56_dropbox,stripped,0.0,392.0,751.0,9.376272,1,8.381454022216305,381.4127515687122,545.2825674243994
243,56_dropbox,stripped,0.0,392.0,756.0,9.156024,2,8.801963115385778,384.5398775140266,633.0679161519931
244,56_dropbox,stripped,0.0,3247.0,3318.0,16.207668,3,12.974287370726017,1372.0477235566068,1855.2046621462557
245,56_dropbox,stripped,0.0,646.0,1212.0,11.329631999999998,4,12.041329651670967,1106.6016930558437,1555.2142559696442
246,56_dropbox,stripped,0.0,527.0,779.0,16.825536,5,14.758713244016205,889.9494720790439,1190.7240866595982
247,56_dropbox,stripped,0.0,1207.0,1274.0,16.050312,6,15.492503417035476,1009.4745220149656,1229.902559342478
248,56_dropbox,stripped,0.0,1403.0,738.0,10.14714,7,12.45553138693607,1158.3170307047112,998.3562757594655
249,56_dropbox,stripped,0.0,1082.0,1339.0,11.8331712,8,12.101933933651111,1129.4152692400003,1158.726488380491
250,54_whatsapp,stripped,0.0,599.0,604.0,6.749028,0,6.43494414979768,2373.52560754782,2372.9378131054686
251,54_whatsapp,stripped,0.0,13928.0,13929.0,16.5186,1,8.447559494831026,3902.0018613861066,3904.2159917407444
252,54_whatsapp,stripped,0.0,563.0,497.0,6.339996000000001,2,7.813167377652621,3161.9797257489727,3147.9979318349274
253,54_whatsapp,stripped,0.0,1079.0,1083.0,7.283916000000001,3,7.629370040560626,2594.907503191426,2585.1495925420313
254,54_whatsapp,stripped,0.0,3988.0,4071.0,9.785304,4,8.41933324904148,3010.179984635233,3028.528613103553
255,54_whatsapp,stripped,0.0,442.0,524.0,6.513048,5,7.706376869935039,2212.4928460374585,2249.892202754408
256,54_whatsapp,stripped,0.0,20097.0,20109.0,16.046639999999996,6,10.850348493830941,7872.918844717755,7907.160732885859
257,54_whatsapp,stripped,0.0,923.0,930.0,7.2872496,7,9.50310509321908,5654.214986063747,5677.913608783132
258,54_whatsapp,stripped,0.0,799.0,812.0,7.614288,8,8.788087154510611,4098.0678771087205,4117.073978323346
259,54_whatsapp,stripped,0.0,903.0,903.0,6.464372399999999,9,7.908039762430313,3072.145228445462,3084.222794126239
260,52_nytimes,stripped,0.0,405.0,2573.0,12.522672,0,9.261832994565461,286.2353744858177,1990.288971738218
261,52_nytimes,stripped,0.0,408.0,2657.0,12.1923,1,10.210025875207492,310.78782802876844,2104.6223062500158
262,52_nytimes,stripped,0.0,913.0,9093.0,20.29428,2,14.639608893805788,498.8811765679865,4023.3467778907634
263,52_nytimes,stripped,0.0,422.0,2292.0,14.111603999999998,3,14.389641210027547,471.1284885449852,3460.610317770345
264,52_nytimes,stripped,0.0,859.0,3867.0,13.92282,4,14.164295351264746,618.6152121758071,3601.734678356311
265,52_nytimes,stripped,0.0,1358.0,8627.0,23.12604,5,18.51255261608876,905.1700961525412,5393.753642186773
266,52_nytimes,stripped,0.0,176.0,2458.0,12.368181600000002,6,15.527260807063936,620.5830318659812,4335.577581929545
267,52_nytimes,stripped,0.0,1184.0,2356.0,12.2923152,7,13.954976190004484,841.0494159745492,3618.94612094654
268,52_nytimes,stripped,0.0,814.0,9204.0,20.451600000000003,8,17.112835553689912,830.4547661710312,5644.365059078582
269,52_nytimes,stripped,0.0,441.0,4361.0,16.365024,9,16.749332747476974,677.8599998141433,5178.620690357146
270,50_google,stripped,0.0,878.0,1062.0,7.740143999999999,0,6.590841958287636,544.6114697680129,890.6232085604876
271,50_google,stripped,0.0,531.0,2187.0,10.210068,1,7.728505055060831,542.3625461193774,1184.8869042928966
272,50_google,stripped,0.0,472.0,1069.0,7.002342,2,7.4219750902921335,523.6177348476164,1145.2096829992765
273,50_google,stripped,0.0,4077.0,4172.0,13.196937599999998,3,10.055393159170556,1650.368812451402,2321.9082929612223
274,50_google,stripped,0.0,1557.0,967.0,7.519896,4,8.87422764735288,1618.6289041898751,1772.340556662904
275,50_google,stripped,0.0,204.0,934.0,7.4918592,5,8.226386273443742,1123.8653124365765,1427.3575789648066
276,50_google,stripped,0.0,3776.0,3892.0,10.868688,6,9.466771887395348,2062.37161057135,2446.5890183388574
277,50_google,stripped,0.0,1200.0,3795.0,9.2682684,7,9.373543722116164,1755.7261831820365,3005.154982461463
278,50_google,stripped,0.0,1486.0,1651.0,8.306496000000001,8,8.872332226125417,1659.6239539337316,2443.885051250321
279,50_google,stripped,0.0,944.0,1020.0,13.5076032,9,11.049683107851607,1404.4394243143004,1853.596425247562
280,4_microsoft,stripped,0.0,274.0,745.0,8.80992,0,7.461727404903111,199.6954997937873,468.5242969313428
281,4_microsoft,stripped,0.0,356.0,789.0,8.275032,1,7.868278014177856,243.63343327584005,531.3929133738133
282,4_microsoft,stripped,0.0,526.0,744.0,8.497224000000001,2,8.23426965143479,357.13285267856895,596.3787678534146
283,4_microsoft,stripped,0.0,289.0,709.0,8.780688000000001,3,8.55981343319237,326.99987831775866,636.3275058647977
284,4_microsoft,stripped,0.0,563.0,714.0,8.2342656,4,8.365125899514217,434.26931945549563,665.417193836907
285,4_microsoft,stripped,0.0,408.0,768.0,9.061632,5,8.781910836545647,422.23387706464007,704.6211263945975
286,4_microsoft,stripped,0.0,1289.0,2900.0,12.239496,6,10.851110837264677,820.268409492473,1550.00790077313
287,4_microsoft,stripped,0.0,386.0,900.0,12.3230592,7,11.732015598060151,620.7097709865639,1298.992523034253
288,4_microsoft,stripped,0.0,295.0,823.0,9.8493408,8,10.605303608194252,471.0073736126393,1114.9804995008217
289,4_microsoft,stripped,0.0,189.0,1001.0,9.211788,9,9.77133542145511,341.38396266856483,1070.8995248819763
290,49_msn,stripped,0.0,250.0,377.0,5.459003999999999,0,4.024459991922875,166.1333528721475,234.0465735380645
291,49_msn,stripped,0.0,283.0,371.0,5.97816,1,4.406120684872792,186.23205439208598,254.72834248752991
292,49_msn,stripped,0.0,391.0,370.0,5.4421632,2,4.711877043510727,242.58298937380385,283.2570353661854
293,49_msn,stripped,0.0,0.0,365.0,6.166944,3,5.2086841304771285,163.58753522438923,307.6512250404673
294,49_msn,stripped,0.0,289.0,355.0,5.4602532,4,5.299481550213485,207.20977648144589,322.92740488724957
295,49_msn,stripped,0.0,289.0,345.0,5.459003999999999,5,5.358311369115536,236.41971210805474,330.28989362900614
296,49_msn,stripped,0.0,369.0,363.0,6.3070884000000005,6,5.711165895166515,284.2750838979639,341.35820812415193
297,49_msn,stripped,0.0,2070.0,387.0,5.3307072,7,5.5692045373982255,931.6195371864302,356.8982514023918
298,49_msn,stripped,0.0,15694.0,15862.0,19.19304,8,10.659259740369528,6292.471647854357,5650.2095438152155
299,49_msn,stripped,0.0,702.0,701.0,5.773644,9,8.833001985153402,4260.899574730243,3958.631750584655
300,48_mozilla,stripped,0.0,391.0,630.0,6.6861,0,4.761666542625296,265.95429888931767,407.3121661182106
301,48_mozilla,stripped,0.0,388.0,594.0,6.8104944000000005,1,5.256387349370315,288.7370954876777,442.4302080008557
302,48_mozilla,stripped,0.0,456.0,666.0,7.2572976,2,5.962938977811868,337.89265360032664,508.53501888516416
303,48_mozilla,stripped,0.0,411.0,634.0,6.890616,3,6.330938229972229,363.0104574176998,551.8557582326374
304,48_mozilla,stripped,0.0,696.0,898.0,8.605404000000002,4,7.26834321769293,484.3218880824844,678.5013885933481
305,48_mozilla,stripped,0.0,6203.0,6682.0,24.22728,5,14.3476032743132,2614.9890907229715,2924.107702122195
306,48_mozilla,stripped,0.0,403.0,640.0,7.2069048,6,11.354036775069023,1783.6810625369399,2062.459794758177
307,48_mozilla,stripped,0.0,718.0,912.0,8.9063496,7,10.32642565738436,1381.8355989655938,1627.0458513899441
308,48_mozilla,stripped,0.0,406.0,586.0,7.47612,8,9.129204997297625,1013.3924591952893,1232.5461135047865
309,48_mozilla,stripped,0.0,313.0,640.0,11.1357072,9,9.972137761214185,748.8150572598108,1007.8945959029649
310,44_tumblr,stripped,0.0,1135.0,2414.0,12.884508,0,7.90559291318304,831.2441921592645,1480.0850905089942
311,44_tumblr,stripped,0.0,2383.0,3041.0,10.037016,1,8.28267185337741,1403.003133012729,1807.508734326715
312,44_tumblr,stripped,0.0,472.0,1008.0,7.899271200000001,2,8.177401317962099,948.9755328196809,1549.9631951475494
313,44_tumblr,stripped,0.0,596.0,1543.0,10.3964724,3,8.893189180105624,766.4286033939395,1547.3860592396845
314,44_tumblr,stripped,0.0,289.0,758.0,7.645752000000001,4,8.464204378363357,516.2825287743387,1240.6417304151616
315,44_tumblr,stripped,0.0,1300.0,1764.0,12.2580324,5,9.803230849882867,928.1070393239793,1447.586094036724
316,44_tumblr,stripped,0.0,2160.0,9431.0,24.06996,6,14.892428816208025,1575.8613405694687,4624.207272998179
317,44_tumblr,stripped,0.0,1787.0,2242.0,10.8260928,7,13.435566536303126,1686.898683934349,3674.1767881031474
318,44_tumblr,stripped,0.0,298.0,730.0,7.410895199999999,8,11.273227137529537,956.4558274662912,2499.074175881048
319,44_tumblr,stripped,0.0,13390.0,14487.0,16.046639999999996,9,12.987727775910173,7495.493698819773,7285.194775876508
320,42_vk,stripped,0.0,335.0,1899.0,8.6526,0,6.729946543965511,250.00847646698597,1549.8628864689017
321,42_vk,stripped,0.0,393.0,1801.0,8.229718799999999,1,7.317636029784597,281.4982012861199,1600.000999649581
322,42_vk,stripped,0.0,734.0,4925.0,15.7356,2,11.551031310730245,432.8608248517435,2630.4555716032346
323,42_vk,stripped,0.0,850.0,8992.0,12.9661344,3,12.299486788147856,592.0152751847386,4912.402301997647
324,42_vk,stripped,0.0,279.0,1926.0,8.65458,4,10.350894548512077,467.1157325037992,3783.0373616769507
325,42_vk,stripped,0.0,528.0,22219.0,17.90964,5,14.401161184884025,491.7902535037885,10892.010464002697
326,42_vk,stripped,0.0,971.0,6885.0,16.99056,6,15.789347800881515,687.0544404194261,9335.69874503782
327,42_vk,stripped,0.0,403.0,1907.0,8.780464799999999,7,12.031459793031164,571.0911112253173,6442.663180106623
328,42_vk,stripped,0.0,2091.0,2383.0,12.368181600000002,8,12.21200075469174,1191.994515794006,4860.0884935784015
329,42_vk,stripped,0.0,888.0,18829.0,18.24912,9,15.448957765767997,1067.7798941761796,10307.596894104681
330,41_wordpress,stripped,0.0,335.0,513.0,6.716026799999999,0,4.8885926320706545,448.36193656351594,552.8451479513651
331,41_wordpress,stripped,0.0,549.0,682.0,6.6861,1,5.404640272641645,472.8209515095849,574.4158295774398
332,41_wordpress,stripped,0.0,324.0,537.0,6.277068000000001,2,5.7554891045144885,419.14724056693626,564.3604606950676
333,41_wordpress,stripped,0.0,3673.0,3783.0,9.407735999999998,3,7.364781721797012,1738.1779940900212,1592.3269615297347
334,41_wordpress,stripped,0.0,17286.0,17362.0,21.857472,4,13.921519496355046,8280.328184494025,6986.393903819711
335,41_wordpress,stripped,0.0,684.0,769.0,7.112491199999999,5,10.817091106875008,5045.072341847579,4799.585088679702
336,41_wordpress,stripped,0.0,877.0,964.0,6.937812,6,9.044393634098894,3262.886571258292,3435.0241488993033
337,41_wordpress,stripped,0.0,376.0,477.0,6.717564,7,7.980400972718455,2026.9201637757017,2377.721382464926
338,41_wordpress,stripped,0.0,765.0,10802.0,11.32704,8,9.511024600501798,1486.4253914033654,5394.66700226169
339,41_wordpress,stripped,0.0,410.0,540.0,6.766308,9,8.25562412362707,1025.3167822052053,3654.710162748373
340,3_youtube,stripped,0.0,307.0,4646.0,11.688876,0,7.848642772157625,201.48689500458156,2800.7090827285087
341,3_youtube,stripped,0.0,344.0,4259.0,11.56302,1,8.630637021125711,223.2103734391036,3095.786214655336
342,3_youtube,stripped,0.0,358.0,4527.0,11.861928,2,9.658656231864988,256.82761724770546,3544.0359160908324
343,3_youtube,stripped,0.0,320.0,4264.0,11.8961136,3,10.47478451642563,275.80034891681163,3804.50791483372
344,3_youtube,stripped,0.0,345.0,4551.0,11.7859644,4,10.97699987476504,298.2491057602242,4088.907020046204
345,3_youtube,stripped,0.0,340.0,4482.0,11.72034,5,11.266829734807398,312.2447302958181,4241.525363760978
346,3_youtube,stripped,0.0,355.0,4238.0,11.673144,6,11.426288345718861,326.7798695880221,4240.147093289169
347,3_youtube,stripped,0.0,6356.0,9792.0,30.36276,7,18.875716142125825,2388.9035409869484,6416.258810036376
348,3_youtube,stripped,0.0,295.0,4574.0,11.799,8,16.089358520653978,1670.8780857488343,5693.481863320548
349,3_youtube,stripped,0.0,347.0,4369.0,11.3453676,9,14.220876424492797,1216.3950328407896,5173.664139436472
350,36_github,stripped,0.0,235.0,1325.0,8.528695200000001,0,6.497901029311911,387.3620912827292,1436.8455403199873
351,36_github,stripped,0.0,346.0,2075.0,10.7326908,1,7.931405065162024,374.8917758975528,1654.3063035541265
352,36_github,stripped,0.0,2517.0,7458.0,13.0290768,2,10.26132608773796,1281.0111879502224,4333.829415494311
353,36_github,stripped,0.0,2704.0,4978.0,13.482324,3,11.83925912407754,1936.7350645902638,4652.431558243987
354,36_github,stripped,0.0,4009.0,7884.0,22.329216,4,17.06632627400968,2913.970849619728,6277.455623751488
355,36_github,stripped,0.0,1204.0,4475.0,13.0448124,5,15.053965586875142,2102.471378142618,5367.406734346102
356,36_github,stripped,0.0,8245.0,17706.0,23.28336,6,19.176265986083976,5022.589705274762,11603.235292848558
357,36_github,stripped,0.0,6071.0,14042.0,34.146252,7,26.67704779982353,5521.234917778916,12836.06510039842
358,36_github,stripped,0.0,762.0,2074.0,10.5670656,8,18.60454075471659,3257.3494764814823,7395.369396469927
359,35_goo,stripped,0.0,282.0,392.0,6.731755199999999,0,5.408685465052718,173.09684742491777,323.9512485706416
360,35_goo,stripped,0.0,265.0,703.0,6.324263999999999,1,5.732177514902628,198.35586231764492,393.5904630887944
361,35_goo,stripped,0.0,184.0,766.0,6.435860399999999,2,6.054945636966514,192.68033108704725,501.65329848413376
362,35_goo,stripped,0.0,494.0,863.0,6.2785044,3,6.164018182843388,324.179311232551,624.5255940724649
363,35_goo,stripped,0.0,516.0,764.0,12.7038672,4,9.404115771999539,410.3372175228859,674.8852928217643
364,35_goo,stripped,0.0,186.0,572.0,6.3085320000000005,5,7.8645171311536055,308.7125066120153,636.8652542313209
365,35_goo,stripped,0.0,667.0,866.0,10.2549168,6,9.054545306322622,471.4275893300669,722.306645251096
366,35_goo,stripped,0.0,486.0,1158.0,11.7307008,7,10.387158769919065,478.05057826588273,885.3437053439862
367,35_goo,stripped,0.0,428.0,5326.0,10.320192,8,10.35381022873918,455.2980945414271,2549.327238328068
368,35_goo,stripped,0.0,628.0,834.0,9.659448,9,10.00802000057921,533.8118437580952,1906.2224303905873
369,33_office,stripped,0.0,369.0,743.0,8.371339200000001,0,6.657236166969775,231.01799878659767,506.7808809258096
370,33_office,stripped,0.0,366.0,1003.0,10.178604,1,7.804324926532693,252.86357181346028,596.3522768788151
371,33_office,stripped,0.0,366.0,722.0,8.920044,2,8.293006693664104,282.5001536110848,632.3012674294654
372,33_office,stripped,0.0,289.0,709.0,8.811936000000001,3,8.53760217304107,284.5328852056349,658.0839525772595
373,33_office,stripped,0.0,900.0,1877.0,18.389592,4,13.271530338390818,491.2756579968597,1093.84749731987
374,33_office,stripped,0.0,401.0,1088.0,9.992106,5,11.68768395810958,460.04224481144166,1091.706183458264
375,33_office,stripped,0.0,359.0,826.0,8.935775999999999,6,10.35680168583845,424.6516057819403,993.4836682120169
376,33_office,stripped,0.0,2125.0,3073.0,13.435128,7,11.846085838393563,1023.2707124002457,1765.0729291094585
377,33_office,stripped,0.0,462.0,869.0,10.335924,8,11.115404183723893,825.2477173216662,1432.104046983086
378,32_bing,stripped,0.0,599.0,276.0,5.192748,0,4.627121313404293,311.5197180105754,174.29500807514788
379,32_bing,stripped,0.0,333.0,283.0,5.317416000000001,1,4.961767477977939,313.0516786534818,214.2247982763701
380,32_bing,stripped,0.0,310.0,312.0,6.418656,2,5.795890271276638,312.65803396205655,261.8025344393599
381,32_bing,stripped,0.0,590.0,272.0,5.58486,3,5.67180616324965,359.98760082788846,267.0667585196312
382,32_bing,stripped,0.0,308.0,311.0,6.593216399999999,4,6.215989546021053,349.67573336189633,290.0466585750983
383,32_bing,stripped,0.0,320.0,328.0,7.2043236,5,6.800129480243569,343.2727260659393,309.9575071600191
384,32_bing,stripped,0.0,417.0,426.0,6.075331200000001,6,6.371695569522595,359.9594999100192,370.8756187449938
385,32_bing,stripped,0.0,284.0,335.0,6.0438528,7,6.1779011542599225,342.2910296003798,352.0393836395904
386,32_bing,stripped,0.0,518.0,268.0,5.301684,8,5.659949822529165,383.80756758087847,307.913613914185
387,32_bing,stripped,0.0,427.0,426.0,11.1514356,9,8.906090135660492,394.1054379313598,369.91659783565837
388,30_blogspot,stripped,0.0,246.0,457.0,6.684570000000001,0,5.226552068040883,178.02789367696099,301.1798554762041
389,30_blogspot,stripped,0.0,261.0,421.0,6.4043892,1,5.6009391879478345,190.97220383270974,319.68958861805004
390,30_blogspot,stripped,0.0,464.0,628.0,6.60744,2,6.031609383051772,260.3775605509467,397.43278782781897
391,30_blogspot,stripped,0.0,473.0,776.0,8.967239999999999,3,7.387194213540562,325.24819700559226,512.1647077422431
392,30_blogspot,stripped,0.0,528.0,858.0,13.545252,4,10.290156489999202,391.91975872062545,625.2352697387836
393,30_blogspot,stripped,0.0,612.0,807.0,8.054784000000001,5,9.230392254073253,466.60569900664046,686.5982767608116
394,30_blogspot,stripped,0.0,498.0,678.0,6.437332799999999,6,7.904167963722876,477.40280830889225,683.6556490672536
395,30_blogspot,stripped,0.0,6983.0,7156.0,13.8724488,7,10.73929560440823,2727.5396566942295,2911.6662345727837
396,30_blogspot,stripped,0.0,329.0,439.0,6.7993344,8,8.86746436968841,1895.933270103115,2058.361986016914
397,30_blogspot,stripped,0.0,251.0,496.0,6.8575824,9,7.912560974799024,1325.0255150734472,1518.6234961234286
398,29_wordpress,stripped,0.0,602.0,652.0,8.227836,0,7.234747288929988,363.2409132188337,462.56977338732753
399,29_wordpress,stripped,0.0,599.0,634.0,8.4028104,1,7.7736372474239985,399.29791145495886,500.22046299931185
400,29_wordpress,stripped,0.0,331.0,872.0,10.682028,2,9.377318137238692,382.21732647884323,624.3228347533234
401,29_wordpress,stripped,0.0,428.0,901.0,8.465752799999999,3,8.858805644398553,395.99850529165735,729.7088025761677
402,29_wordpress,stripped,0.0,1919.0,5998.0,12.444012,4,10.909649157952668,891.0321371894572,2828.791995378067
403,29_wordpress,stripped,0.0,545.0,964.0,8.2769256,5,9.402106220534632,774.8315120665839,2074.0775991580967
404,29_wordpress,stripped,0.0,546.0,811.0,8.6277744,6,8.958627165386279,696.9083268661502,1560.0870855255366
405,29_wordpress,stripped,0.0,295.0,704.0,8.953556399999998,7,8.955722719125044,559.225848018414,1211.048499973813
406,29_wordpress,stripped,0.0,1190.0,793.0,9.203219999999998,8,9.097476472351486,775.8681969382646,1040.4901566098574
407,29_wordpress,stripped,0.0,500.0,668.0,8.353692,9,8.671475038699665,681.0150450047956,888.483376762522
408,23_youtu,stripped,0.0,429.0,4795.0,16.508016,0,10.353571556808056,267.4462177436285,2947.2433820573947
409,23_youtu,stripped,0.0,346.0,4286.0,11.5449264,1,10.618919845454803,281.58903270561336,3218.691919285489
410,23_youtu,stripped,0.0,365.0,4396.0,11.8489068,2,11.023481403625578,305.4041657467911,3588.015115482486
411,23_youtu,stripped,0.0,336.0,4273.0,13.183416,3,11.830338476267261,315.67170917570115,3836.15615422384
412,23_youtu,stripped,0.0,2690.0,15945.0,17.61984,4,14.091706900595572,1163.2550445308443,8454.627732509876
413,23_youtu,stripped,0.0,332.0,4435.0,11.7702288,5,13.170400555065443,859.2624363257253,6892.371001030599
414,23_youtu,stripped,0.0,1622.0,5820.0,21.085704,6,16.32965123003298,1140.860729860531,6472.695932387217
415,23_youtu,stripped,0.0,870.0,5279.0,21.014532,7,18.203371192339123,1040.4850796508852,6004.35006460369
416,23_youtu,stripped,0.0,1434.0,6338.0,12.9661344,8,16.107193486075367,1186.5298569374513,6135.380151602206
417,22_adobe,stripped,0.0,24566.0,4064.0,9.9515304,0,6.350543572814783,9551.896865872113,1839.5396482204246
418,22_adobe,stripped,0.0,737.0,1087.0,7.535628000000001,1,6.604258126406235,8292.317094980783,1746.1445910924622
419,22_adobe,stripped,0.0,333.0,1060.0,7.661484,2,6.942146283369601,6410.640132440361,1602.0649876450705
420,22_adobe,stripped,0.0,1078.0,1750.0,8.542476,3,7.526542114958182,4878.542057971887,1640.5543419731573
421,22_adobe,stripped,0.0,527.0,1133.0,7.598556,4,7.554125041989226,3519.7661571320796,1495.0555715346177
422,22_adobe,stripped,0.0,4311.0,6158.0,10.131408,5,8.558602631559475,3776.008739756066,2893.450152328028
423,22_adobe,stripped,0.0,1267.0,2672.0,22.187196,6,13.904221926850349,2950.258802090384,2825.6156004062304
424,22_adobe,stripped,0.0,450.0,1075.0,7.488431999999999,7,11.381822576961241,2121.4877730073986,2283.979575539571
425,22_adobe,stripped,0.0,245.0,1090.0,7.4727,8,9.84360914802609,1497.5045102147758,1912.8164389917895
426,22_adobe,stripped,0.0,636.0,1210.0,7.677216,9,8.990878421713813,1210.6268872806136,1693.8489581673139
427,19_doubleclick,stripped,0.0,241.0,1106.0,7.677216,0,7.127618702409511,380.78668925199526,2694.360363101865
428,19_doubleclick,stripped,0.0,850.0,13817.0,18.073728,1,9.759733101743436,459.0600329106737,4270.80436568773
429,19_doubleclick,stripped,0.0,239.0,1536.0,7.928928000000001,2,9.110979596780554,399.97597581104685,3628.6347508101844
430,19_doubleclick,stripped,0.0,6557.0,6664.0,23.120748000000003,3,14.694984765479177,2364.8662496490624,4495.807875049468
431,19_doubleclick,stripped,0.0,353.0,2033.0,10.508976000000002,4,12.961301125964477,1677.1641188493877,3730.5184889643756
432,19_doubleclick,stripped,0.0,324.0,1210.0,7.5058812,5,10.672965295391379,1201.514878284461,2917.810675869209
433,19_doubleclick,stripped,0.0,4920.0,4991.0,23.44068,6,16.051257504439846,2523.6475674127014,3597.329724174887
434,19_doubleclick,stripped,0.0,4070.0,4170.0,19.35036,7,17.44294269526384,3076.0565385518635,3786.4050288240296
435,19_doubleclick,stripped,0.0,546.0,1395.0,7.428902399999999,8,13.21665230327114,2170.484657530285,2994.2781356138485
436,19_doubleclick,stripped,0.0,1607.0,2254.0,9.4834152,9,11.640841908880931,1968.6384193986542,2748.713474219113
437,18_amazon,stripped,0.0,0.0,1172.0,9.8325,0,6.63797650192542,194.43244916631346,877.9584566842738
438,18_amazon,stripped,0.0,344.0,1197.0,8.5601664,1,7.477080947981742,241.46637783590694,955.8300689346403
439,18_amazon,stripped,0.0,230.0,1157.0,8.526744,2,8.05103901164062,236.46655010551515,1028.6185891745838
440,18_amazon,stripped,0.0,2916.0,3411.0,30.6774,3,20.91122538982338,1501.8187136237038,1996.8863409578435
441,18_amazon,stripped,0.0,8295.0,13801.0,31.614083999999995,4,27.037041210288713,4776.940585252034,6975.128097668211
442,18_amazon,stripped,0.0,406.0,1238.0,8.3241324,5,16.313044982467176,2658.091598941014,4526.451847868157
443,18_amazon,stripped,0.0,296.0,1184.0,8.385156,6,11.768679262390854,1511.3958173598205,3094.29645213027
444,18_amazon,stripped,0.0,188.0,1579.0,12.601332,7,12.245986189329264,868.6979442799176,2444.2085655963097
445,18_amazon,stripped,0.0,803.0,1323.0,36.349236,8,26.06295876732125,836.788981381772,1962.99283906632
446,17_yahoo,stripped,0.0,555.0,1411.0,11.959056,0,9.267425497947265,507.8678106453232,1044.1213729632696
447,17_yahoo,stripped,0.0,1361.0,2183.0,17.30916,1,12.319697170813955,731.7246072960634,1528.0109471817777
448,17_yahoo,stripped,0.0,412.0,1438.0,10.965204,2,11.651832629714265,609.5888705362646,1479.6013066264986
449,17_yahoo,stripped,0.0,2517.0,3390.0,19.19304,3,15.578221141875058,1419.3607507411436,2550.852168239784
450,17_yahoo,stripped,0.0,1400.0,2558.0,15.102719999999998,4,15.327673521169878,1410.8751376562116,2554.891600417873
451,17_yahoo,stripped,0.0,2472.0,3387.0,13.262076,5,14.236400108129295,1880.5231679847707,3025.8263492372184
452,17_yahoo,stripped,0.0,608.0,1383.0,11.874942,6,12.988087693840846,1315.613384305458,2095.807085881628
453,17_yahoo,stripped,0.0,1161.0,1561.0,11.972052,7,12.450921360958947,1246.9122902618174,1793.0321504002561
454,17_yahoo,stripped,0.0,1727.0,2648.0,24.39018,8,18.76325028725529,1460.2961328877252,2277.0671694269704
455,15_live,stripped,0.0,412.0,391.0,6.465852,0,6.21772022238961,303.75009696678336,296.93482426201143
456,15_live,stripped,0.0,433.0,441.0,10.414584,1,8.774524053896055,330.1524163778196,327.1818095671901
457,15_live,stripped,0.0,1219.0,1226.0,14.095871999999998,2,12.382960425641606,610.6107742869145,616.9209298599853
458,15_live,stripped,0.0,317.0,327.0,6.8607216,3,8.59973668474656,503.74655549646207,509.5580709786108
459,15_live,stripped,0.0,492.0,420.0,7.364260800000001,4,7.7524722670141095,499.24793011825426,474.7399363174288
460,15_live,stripped,0.0,455.0,459.0,8.229718799999999,5,8.079791071072846,481.9856174051936,468.51327144504404
461,15_live,stripped,0.0,2125.0,2128.0,11.1565404,6,10.189994321693371,1127.3222031850992,1129.1175906611227
462,15_live,stripped,0.0,829.0,837.0,11.3611032,7,10.993205507690176,1009.8574946193535,1012.5699694907154
463,15_live,stripped,0.0,701.0,708.0,9.1539288,8,9.731727596957972,888.1338711349358,890.9554677803034
464,14_apple,stripped,0.0,991.0,1093.0,8.636868000000002,0,6.203438035656785,665.2082355019354,821.7472887213713
465,14_apple,stripped,0.0,602.0,1159.0,9.549324,1,7.003618157550091,653.9829525843628,891.9615799067756
466,14_apple,stripped,0.0,746.0,1147.0,9.75384,2,7.973690227670942,679.9685480538352,973.6379548807495
467,14_apple,stripped,0.0,6942.0,7277.0,18.563759999999995,3,12.178468267178884,2762.6909116619854,3295.564241566134
468,14_apple,stripped,0.0,660.0,1239.0,10.005552,4,11.281610899417988,2017.8565682537915,2499.6903387281122
469,14_apple,stripped,0.0,770.0,1154.0,8.904312,5,10.287645986967574,1564.7267291169157,1969.6050366107122
470,14_apple,stripped,0.0,768.0,1290.0,13.5798228,6,11.670087450788976,1272.5550299254992,1700.1789241470874
471,14_apple,stripped,0.0,1369.0,1719.0,30.36276,7,19.530836805100357,1308.061340884156,1707.657780341703
472,14_apple,stripped,0.0,701.0,1290.0,10.102255200000002,8,15.56394990019242,1084.2234170620525,1541.5551629211038
473,10_linkedin,stripped,0.0,306.0,329.0,7.4727,0,6.300259496724692,331.7444638782478,208.1558049065044
474,10_linkedin,stripped,0.0,246.0,335.0,6.969276000000001,1,6.542058934769195,312.63051163725606,241.58190545570022
475,10_linkedin,stripped,0.0,2808.0,334.0,6.9201288000000005,2,6.714891431315249,1155.1985240649908,276.9984551560491
476,10_linkedin,stripped,0.0,737.0,327.0,6.749028,3,6.731412218943299,994.4294979202464,298.2804171385166
477,10_linkedin,stripped,0.0,480.0,643.0,8.9850276,4,7.83794134635893,787.8026668878417,449.70991704468986
478,10_linkedin,stripped,0.0,345.0,322.0,6.907928399999999,5,7.379612356229467,607.242104170439,393.0649076061456
479,10_linkedin,stripped,0.0,1242.0,1209.0,10.807884,6,9.070735389205012,867.4301713964478,756.0423274858047
480,10_linkedin,stripped,0.0,606.0,586.0,7.31538,7,8.20463033346403,760.0756157499357,680.3282563869668
481,10_linkedin,stripped,0.0,204.0,360.0,6.766308,8,7.494907286928257,531.5836097027179,537.6570171707123
482,10_linkedin,stripped,0.0,360.0,331.0,6.638904,9,7.0725159825228445,461.0644004322433,445.6059681856353
483,100_who,stripped,0.0,661.0,2559.0,9.643716,0,8.011990605339758,432.51161303635456,1604.1049334495594
484,100_who,stripped,0.0,636.0,2378.0,9.8470656,1,9.006742619617436,496.2532975725016,1972.5336494760227
485,100_who,stripped,0.0,632.0,2814.0,11.028132,2,10.264891547517427,555.2795230315257,2461.1431495770057
486,100_who,stripped,0.0,665.0,2374.0,10.162872,3,10.200258834671905,606.9759626714525,2409.0068352387584
487,100_who,stripped,0.0,3776.0,6016.0,13.2808464,4,12.1564982534893,2131.7075781414314,4577.195335629574
488,100_who,stripped,0.0,1824.0,4404.0,13.875624,5,13.248520171766906,1982.8366140387952,4473.0087050096045
489,100_who,stripped,0.0,705.0,5715.0,14.0371488,6,13.749492979558191,1363.7027450714936,5220.224034214481
490,100_who,stripped,0.0,685.0,3958.0,11.219482799999998,7,12.14230556488225,1034.731454042537,4460.821877996272
491,100_who,stripped,0.0,1314.0,4207.0,16.36128,8,14.822408333686447,1170.1085888781531,4308.112492888464
